Season,Race,Winner,Team
1980,Argentine Grand Prix,Alan Jones,Williams
1980,Brazilian Grand Prix,René Arnoux,Renault
1980,South African Grand Prix,René Arnoux,Renault
1980,United States Grand Prix West,Nelson Piquet,Brabham
1980,Belgian Grand Prix,Didier Pironi,Ligier
1980,Monaco Grand Prix,Carlos Reutemann,Williams
1980,French Grand Prix,Alan Jones,Williams
1980,British Grand Prix,Alan Jones,Williams
1980,German Grand Prix,Jacques Laffite,Ligier
1980,Austrian Grand Prix,Jean-Pierre Jabouille,Renault
1980,Dutch Grand Prix,Nelson Piquet,Brabham
1980,Italian Grand Prix,Nelson Piquet,Brabham
1980,Canadian Grand Prix,Alan Jones,Williams
1980,United States Grand Prix,Alan Jones,Williams
1981,United States Grand Prix West,Alan Jones,Williams
1981,Brazilian Grand Prix,Carlos Reutemann,Williams
1981,Argentine Grand Prix,Nelson Piquet,Brabham
1981,San Marino Grand Prix,Nelson Piquet,Brabham
1981,Belgian Grand Prix,Carlos Reutemann,Williams
1981,Monaco Grand Prix,Gilles Villeneuve,Ferrari
1981,Spanish Grand Prix,Gilles Villeneuve,Ferrari
1981,French Grand Prix,Alain Prost,Renault
1981,British Grand Prix,John Watson,McLaren
1981,German Grand Prix,Nelson Piquet,Brabham
1981,Austrian Grand Prix,Jacques Laffite,Ligier
1981,Dutch Grand Prix,Alain Prost,Renault
1981,Italian Grand Prix,Alain Prost,Renault
1981,Canadian Grand Prix,Jacques Laffite,Ligier
1981,Caesars Palace Grand Prix,Alan Jones,Williams
1982,South African Grand Prix,Alain Prost,Renault
1982,Brazilian Grand Prix,Alain Prost,Renault
1982,United States Grand Prix West,Niki Lauda,McLaren
1982,San Marino Grand Prix,Didier Pironi,Ferrari
1982,Belgian Grand Prix,John Watson,McLaren
1982,Monaco Grand Prix,Riccardo Patrese,Brabham
1982,Detroit Grand Prix,John Watson,McLaren
1982,Canadian Grand Prix,Nelson Piquet,Brabham
1982,Dutch Grand Prix,Didier Pironi,Ferrari
1982,British Grand Prix,Niki Lauda,McLaren
1982,French Grand Prix,René Arnoux,Renault
1982,German Grand Prix,Patrick Tambay,Ferrari
1982,Austrian Grand Prix,Elio de Angelis,Team Lotus
1982,Swiss Grand Prix,Keke Rosberg,Williams
1982,Italian Grand Prix,René Arnoux,Renault
1982,Caesars Palace Grand Prix,Michele Alboreto,Tyrrell
1983,Brazilian Grand Prix,Nelson Piquet,Brabham
1983,United States Grand Prix West,John Watson,McLaren
1983,French Grand Prix,Alain Prost,Renault
1983,San Marino Grand Prix,Patrick Tambay,Ferrari
1983,Monaco Grand Prix,Keke Rosberg,Williams
1983,Belgian Grand Prix,Alain Prost,Renault
1983,Detroit Grand Prix,Michele Alboreto,Tyrrell
1983,Canadian Grand Prix,René Arnoux,Ferrari
1983,British Grand Prix,Alain Prost,Renault
1983,German Grand Prix,René Arnoux,Ferrari
1983,Austrian Grand Prix,Alain Prost,Renault
1983,Dutch Grand Prix,René Arnoux,Ferrari
1983,Italian Grand Prix,Nelson Piquet,Brabham
1983,European Grand Prix,Nelson Piquet,Brabham
1983,South African Grand Prix,Riccardo Patrese,Brabham
1984,Brazilian Grand Prix,Alain Prost,McLaren
1984,South African Grand Prix,Niki Lauda,McLaren
1984,Belgian Grand Prix,Michele Alboreto,Ferrari
1984,San Marino Grand Prix,Alain Prost,McLaren
1984,French Grand Prix,Niki Lauda,McLaren
1984,Monaco Grand Prix,Alain Prost,McLaren
1984,Canadian Grand Prix,Nelson Piquet,Brabham
1984,Detroit Grand Prix,Nelson Piquet,Brabham
1984,Dallas Grand Prix,Keke Rosberg,Williams
1984,British Grand Prix,Niki Lauda,McLaren
1984,German Grand Prix,Alain Prost,McLaren
1984,Austrian Grand Prix,Niki Lauda,McLaren
1984,Dutch Grand Prix,Alain Prost,McLaren
1984,Italian Grand Prix,Niki Lauda,McLaren
1984,European Grand Prix,Alain Prost,McLaren
1984,Portuguese Grand Prix,Alain Prost,McLaren
1985,Brazilian Grand Prix,Alain Prost,McLaren
1985,Portuguese Grand Prix,Ayrton Senna,Team Lotus
1985,San Marino Grand Prix,Elio de Angelis,Team Lotus
1985,Monaco Grand Prix,Alain Prost,McLaren
1985,Canadian Grand Prix,Michele Alboreto,Ferrari
1985,Detroit Grand Prix,Keke Rosberg,Williams
1985,French Grand Prix,Nelson Piquet,Brabham
1985,British Grand Prix,Alain Prost,McLaren
1985,German Grand Prix,Michele Alboreto,Ferrari
1985,Austrian Grand Prix,Alain Prost,McLaren
1985,Dutch Grand Prix,Niki Lauda,McLaren
1985,Italian Grand Prix,Alain Prost,McLaren
1985,Belgian Grand Prix,Ayrton Senna,Team Lotus
1985,European Grand Prix,Nigel Mansell,Williams
1985,South African Grand Prix,Nigel Mansell,Williams
1985,Australian Grand Prix,Keke Rosberg,Williams
1986,Brazilian Grand Prix,Nelson Piquet,Williams
1986,Spanish Grand Prix,Ayrton Senna,Team Lotus
1986,San Marino Grand Prix,Alain Prost,McLaren
1986,Monaco Grand Prix,Alain Prost,McLaren
1986,Belgian Grand Prix,Nigel Mansell,Williams
1986,Canadian Grand Prix,Nigel Mansell,Williams
1986,Detroit Grand Prix,Ayrton Senna,Team Lotus
1986,French Grand Prix,Nigel Mansell,Williams
1986,British Grand Prix,Nigel Mansell,Williams
1986,German Grand Prix,Nelson Piquet,Williams
1986,Hungarian Grand Prix,Nelson Piquet,Williams
1986,Austrian Grand Prix,Alain Prost,McLaren
1986,Italian Grand Prix,Nelson Piquet,Williams
1986,Portuguese Grand Prix,Nigel Mansell,Williams
1986,Mexican Grand Prix,Gerhard Berger,Benetton
1986,Australian Grand Prix,Alain Prost,McLaren
1987,Brazilian Grand Prix,Alain Prost,McLaren
1987,San Marino Grand Prix,Nigel Mansell,Williams
1987,Belgian Grand Prix,Alain Prost,McLaren
1987,Monaco Grand Prix,Ayrton Senna,Team Lotus
1987,Detroit Grand Prix,Ayrton Senna,Team Lotus
1987,French Grand Prix,Nigel Mansell,Williams
1987,British Grand Prix,Nigel Mansell,Williams
1987,German Grand Prix,Nelson Piquet,Williams
1987,Hungarian Grand Prix,Nelson Piquet,Williams
1987,Austrian Grand Prix,Nigel Mansell,Williams
1987,Italian Grand Prix,Nelson Piquet,Williams
1987,Portuguese Grand Prix,Alain Prost,McLaren
1987,Spanish Grand Prix,Nigel Mansell,Williams
1987,Mexican Grand Prix,Nigel Mansell,Williams
1987,Japanese Grand Prix,Gerhard Berger,Ferrari
1987,Australian Grand Prix,Gerhard Berger,Ferrari
1988,Brazilian Grand Prix,Alain Prost,McLaren
1988,San Marino Grand Prix,Ayrton Senna,McLaren
1988,Monaco Grand Prix,Alain Prost,McLaren
1988,Mexican Grand Prix,Alain Prost,McLaren
1988,Canadian Grand Prix,Ayrton Senna,McLaren
1988,Detroit Grand Prix,Ayrton Senna,McLaren
1988,French Grand Prix,Alain Prost,McLaren
1988,British Grand Prix,Ayrton Senna,McLaren
1988,German Grand Prix,Ayrton Senna,McLaren
1988,Hungarian Grand Prix,Ayrton Senna,McLaren
1988,Belgian Grand Prix,Ayrton Senna,McLaren
1988,Italian Grand Prix,Gerhard Berger,Ferrari
1988,Portuguese Grand Prix,Alain Prost,McLaren
1988,Spanish Grand Prix,Alain Prost,McLaren
1988,Japanese Grand Prix,Ayrton Senna,McLaren
1988,Australian Grand Prix,Alain Prost,McLaren
1989,Brazilian Grand Prix,Nigel Mansell,Ferrari
1989,San Marino Grand Prix,Ayrton Senna,McLaren
1989,Monaco Grand Prix,Ayrton Senna,McLaren
1989,Mexican Grand Prix,Ayrton Senna,McLaren
1989,United States Grand Prix,Alain Prost,McLaren
1989,Canadian Grand Prix,Thierry Boutsen,Williams
1989,French Grand Prix,Alain Prost,McLaren
1989,British Grand Prix,Alain Prost,McLaren
1989,German Grand Prix,Ayrton Senna,McLaren
1989,Hungarian Grand Prix,Nigel Mansell,Ferrari
1989,Belgian Grand Prix,Ayrton Senna,McLaren
1989,Italian Grand Prix,Alain Prost,McLaren
1989,Portuguese Grand Prix,Gerhard Berger,Ferrari
1989,Spanish Grand Prix,Ayrton Senna,McLaren
1989,Japanese Grand Prix,Alessandro Nannini,Benetton
1989,Australian Grand Prix,Thierry Boutsen,Williams
1990,United States Grand Prix,Ayrton Senna,McLaren
1990,Brazilian Grand Prix,Alain Prost,Ferrari
1990,San Marino Grand Prix,Riccardo Patrese,Williams
1990,Monaco Grand Prix,Ayrton Senna,McLaren
1990,Canadian Grand Prix,Ayrton Senna,McLaren
1990,Mexican Grand Prix,Alain Prost,Ferrari
1990,French Grand Prix,Alain Prost,Ferrari
1990,British Grand Prix,Alain Prost,Ferrari
1990,German Grand Prix,Ayrton Senna,McLaren
1990,Hungarian Grand Prix,Thierry Boutsen,Williams
1990,Belgian Grand Prix,Ayrton Senna,McLaren
1990,Italian Grand Prix,Ayrton Senna,McLaren
1990,Portuguese Grand Prix,Nigel Mansell,Ferrari
1990,Spanish Grand Prix,Alain Prost,Ferrari
1990,Japanese Grand Prix,Nelson Piquet,Benetton
1990,Australian Grand Prix,Nelson Piquet,Benetton
1991,United States Grand Prix,Ayrton Senna,McLaren
1991,Brazilian Grand Prix,Ayrton Senna,McLaren
1991,San Marino Grand Prix,Ayrton Senna,McLaren
1991,Monaco Grand Prix,Ayrton Senna,McLaren
1991,Canadian Grand Prix,Nelson Piquet,Benetton
1991,Mexican Grand Prix,Riccardo Patrese,Williams
1991,French Grand Prix,Nigel Mansell,Williams
1991,British Grand Prix,Nigel Mansell,Williams
1991,German Grand Prix,Nigel Mansell,Williams
1991,Hungarian Grand Prix,Ayrton Senna,McLaren
1991,Belgian Grand Prix,Ayrton Senna,McLaren
1991,Italian Grand Prix,Nigel Mansell,Williams
1991,Portuguese Grand Prix,Riccardo Patrese,Williams
1991,Spanish Grand Prix,Nigel Mansell,Williams
1991,Japanese Grand Prix,Gerhard Berger,McLaren
2018,Australian Grand Prix,Lewis Hamilton,Mercedes
2018,Bahrain Grand Prix,Sebastian Vettel,Ferrari
2018,Chinese Grand Prix,Sebastian Vettel,Ferrari
2018,Azerbaijan Grand Prix,Sebastian Vettel,Ferrari
2018,Spanish Grand Prix,Lewis Hamilton,Mercedes
2018,Monaco Grand Prix,Daniel Ricciardo,Red Bull Racing
2018,Canadian Grand Prix,Sebastian Vettel,Ferrari
2018,French Grand Prix,Lewis Hamilton,Mercedes
2018,Austrian Grand Prix,Valtteri Bottas,Mercedes
2018,British Grand Prix,Lewis Hamilton,Mercedes
2018,German Grand Prix,Sebastian Vettel,Ferrari
2018,Hungarian Grand Prix,Lewis Hamilton,Mercedes
2018,Belgian Grand Prix,Lewis Hamilton,Mercedes
2018,Italian Grand Prix,Kimi Räikkönen,Ferrari
2018,Singapore Grand Prix,Lewis Hamilton,Mercedes
2018,Russian Grand Prix,Valtteri Bottas,Mercedes
2018,Japanese Grand Prix,Lewis Hamilton,Mercedes
2018,United States Grand Prix,Lewis Hamilton,Mercedes
2018,Mexican Grand Prix,Daniel Ricciardo,Red Bull Racing
2018,Brazilian Grand Prix,Lewis Hamilton,Mercedes
2018,Abu Dhabi Grand Prix,Lewis Hamilton,Mercedes
2019,Australian Grand Prix,Lewis Hamilton,Mercedes
2019,Bahrain Grand Prix,Charles Leclerc,Ferrari
2019,Chinese Grand Prix,Valtteri Bottas,Mercedes
2019,Azerbaijan Grand Prix,Valtteri Bottas,Mercedes
2019,Spanish Grand Prix,Valtteri Bottas,Mercedes
2019,Monaco Grand Prix,Lewis Hamilton,Mercedes
2019,Canadian Grand Prix,Sebastian Vettel,Ferrari
2019,French Grand Prix,Lewis Hamilton,Mercedes
2019,Austrian Grand Prix,Charles Leclerc,Ferrari
2019,British Grand Prix,Valtteri Bottas,Mercedes
2019,German Grand Prix,Lewis Hamilton,Mercedes
2019,Hungarian Grand Prix,Max Verstappen,Red Bull Racing
2019,Belgian Grand Prix,Charles Leclerc,Ferrari
2019,Italian Grand Prix,Charles Leclerc,Ferrari
2019,Singapore Grand Prix,Charles Leclerc,Ferrari
2019,Russian Grand Prix,Charles Leclerc,Ferrari
2019,Japanese Grand Prix,Sebastian Vettel,Ferrari
2019,Mexican Grand Prix,Charles Leclerc,Ferrari
2019,United States Grand Prix,Valtteri Bottas,Mercedes
2019,Brazilian Grand Prix,Max Verstappen,Red Bull Racing
2019,Abu Dhabi Grand Prix,Lewis Hamilton,Mercedes
2020,Pre-Season Test 1,Lewis Hamilton,Mercedes
2020,Pre-Season Test 2,Lewis Hamilton,Mercedes
2020,Austrian Grand Prix,Valtteri Bottas,Mercedes
2020,Styrian Grand Prix,Kimi Räikkönen,Alfa Romeo Racing
2020,Hungarian Grand Prix,Esteban Ocon,Renault
2020,British Grand Prix,Lewis Hamilton,Mercedes
2020,70th Anniversary Grand Prix,Valtteri Bottas,Mercedes
2020,Spanish Grand Prix,Lewis Hamilton,Mercedes
2020,Belgian Grand Prix,Lewis Hamilton,Mercedes
2020,Italian Grand Prix,Lewis Hamilton,Mercedes
2020,Tuscan Grand Prix,Lewis Hamilton,Mercedes
2020,Russian Grand Prix,Lewis Hamilton,Mercedes
2020,Eifel Grand Prix,Valtteri Bottas,Mercedes
2020,Portuguese Grand Prix,Lewis Hamilton,Mercedes
2020,Emilia Romagna Grand Prix,Valtteri Bottas,Mercedes
2020,Turkish Grand Prix,Lance Stroll,Racing Point
2020,Bahrain Grand Prix,Lewis Hamilton,Mercedes
2020,Sakhir Grand Prix,Valtteri Bottas,Mercedes
2020,Abu Dhabi Grand Prix,Max Verstappen,Red Bull Racing
2021,Pre-Season Test,Valtteri Bottas,Mercedes
2021,Bahrain Grand Prix,Max Verstappen,Red Bull Racing
2021,Emilia Romagna Grand Prix,Lewis Hamilton,Mercedes
2021,Portuguese Grand Prix,Valtteri Bottas,Mercedes
2021,Spanish Grand Prix,Lewis Hamilton,Mercedes
2021,Monaco Grand Prix,Charles Leclerc,Ferrari
2021,Azerbaijan Grand Prix,Charles Leclerc,Ferrari
2021,French Grand Prix,Max Verstappen,Red Bull Racing
2021,Styrian Grand Prix,Max Verstappen,Red Bull Racing
2021,Austrian Grand Prix,Max Verstappen,Red Bull Racing
2021,British Grand Prix,Max Verstappen,Red Bull Racing
2021,Hungarian Grand Prix,Lewis Hamilton,Mercedes
2021,Belgian Grand Prix,Max Verstappen,Red Bull Racing
2021,Dutch Grand Prix,Max Verstappen,Red Bull Racing
2021,Italian Grand Prix,Max Verstappen,Red Bull Racing
2021,Russian Grand Prix,Lando Norris,McLaren
2021,Turkish Grand Prix,Valtteri Bottas,Mercedes
2021,United States Grand Prix,Max Verstappen,Red Bull Racing
2021,Mexico City Grand Prix,Valtteri Bottas,Mercedes
2021,São Paulo Grand Prix,Valtteri Bottas,Mercedes
2021,Qatar Grand Prix,Lewis Hamilton,Mercedes
2021,Saudi Arabian Grand Prix,Lewis Hamilton,Mercedes
2021,Abu Dhabi Grand Prix,Max Verstappen,Red Bull Racing
2023,Pre-Season Testing,Max Verstappen,Red Bull Racing
2023,Bahrain Grand Prix,Max Verstappen,Red Bull Racing
2023,Saudi Arabian Grand Prix,Sergio Perez,Red Bull Racing
2023,Australian Grand Prix,Max Verstappen,Red Bull Racing
2023,Azerbaijan Grand Prix,Charles Leclerc,Ferrari
2023,Miami Grand Prix,Sergio Perez,Red Bull Racing
2023,Monaco Grand Prix,Max Verstappen,Red Bull Racing
2023,Spanish Grand Prix,Max Verstappen,Red Bull Racing
2023,Canadian Grand Prix,Max Verstappen,Red Bull Racing
2023,Austrian Grand Prix,Max Verstappen,Red Bull Racing
2023,British Grand Prix,Max Verstappen,Red Bull Racing
2023,Hungarian Grand Prix,Lewis Hamilton,Mercedes
2023,Belgian Grand Prix,Charles Leclerc,Ferrari
2023,Dutch Grand Prix,Max Verstappen,Red Bull Racing
2023,Italian Grand Prix,Carlos Sainz,Ferrari
2023,Singapore Grand Prix,Carlos Sainz,Ferrari
2023,Japanese Grand Prix,Max Verstappen,Red Bull Racing
2023,Qatar Grand Prix,Max Verstappen,Red Bull Racing
2023,United States Grand Prix,Charles Leclerc,Ferrari
2023,Mexico City Grand Prix,Charles Leclerc,Ferrari
2023,São Paulo Grand Prix,Max Verstappen,Red Bull Racing
2023,Las Vegas Grand Prix,Charles Leclerc,Ferrari
2023,Abu Dhabi Grand Prix,Max Verstappen,Red Bull Racing
2024,Bahrain Grand Prix,Max Verstappen,Red Bull Racing
2024,Saudi Arabian Grand Prix,Max Verstappen,Red Bull Racing
2024,Australian Grand Prix,Carlos Sainz,Ferrari
2024,Japanese Grand Prix,Max Verstappen,Red Bull Racing
2024,Chinese Grand Prix,Max Verstappen,Red Bull Racing
2024,Miami Grand Prix,Lando Norris,McLaren
2024,Emilia Romagna Grand Prix,Max Verstappen,Red Bull Racing
2024,Monaco Grand Prix,Charles Leclerc,Ferrari
2024,Canadian Grand Prix,Max Verstappen,Red Bull Racing
2024,Spanish Grand Prix,Max Verstappen,Red Bull Racing
2024,Austrian Grand Prix,George Russell,Mercedes
