Country;Location;EventDate;EventName;OfficialEventName
Argentina;Buenos Aires;1980-01-13 00:00:00;Argentine Grand Prix;
Brazil;São Paulo;1980-01-27 00:00:00;Brazilian Grand Prix;
South Africa;Midrand;1980-03-01 00:00:00;South African Grand Prix;
USA;California;1980-03-30 00:00:00;United States Grand Prix West;
Belgium;Heusden-Zolder;1980-05-04 00:00:00;Belgian Grand Prix;
Monaco;Monte-Carlo;1980-05-18 00:00:00;Monaco Grand Prix;
France;Le Castellet;1980-06-29 00:00:00;French Grand Prix;
UK;Kent;1980-07-13 00:00:00;British Grand Prix;
Germany;Hockenheim;1980-08-10 00:00:00;German Grand Prix;
Austria;Spielberg;1980-08-17 00:00:00;Austrian Grand Prix;
Netherlands;Zandvoort;1980-08-31 00:00:00;Dutch Grand Prix;
Italy;Imola;1980-09-14 00:00:00;Italian Grand Prix;
Canada;Montreal;1980-09-28 00:00:00;Canadian Grand Prix;
USA;New York State;1980-10-05 00:00:00;United States Grand Prix;
USA;California;1981-03-15 00:00:00;United States Grand Prix West;
Brazil;Rio de Janeiro;1981-03-29 00:00:00;Brazilian Grand Prix;
Argentina;Buenos Aires;1981-04-12 00:00:00;Argentine Grand Prix;
Italy;Imola;1981-05-03 00:00:00;San Marino Grand Prix;
Belgium;Heusden-Zolder;1981-05-17 00:00:00;Belgian Grand Prix;
Monaco;Monte-Carlo;1981-05-31 00:00:00;Monaco Grand Prix;
Spain;Madrid;1981-06-21 00:00:00;Spanish Grand Prix;
France;Dijon;1981-07-05 00:00:00;French Grand Prix;
UK;Silverstone;1981-07-18 00:00:00;British Grand Prix;
Germany;Hockenheim;1981-08-02 00:00:00;German Grand Prix;
Austria;Spielberg;1981-08-16 00:00:00;Austrian Grand Prix;
Netherlands;Zandvoort;1981-08-30 00:00:00;Dutch Grand Prix;
Italy;Monza;1981-09-13 00:00:00;Italian Grand Prix;
Canada;Montreal;1981-09-27 00:00:00;Canadian Grand Prix;
USA;Nevada;1981-10-17 00:00:00;Caesars Palace Grand Prix;
South Africa;Midrand;1982-01-23 00:00:00;South African Grand Prix;
Brazil;Rio de Janeiro;1982-03-21 00:00:00;Brazilian Grand Prix;
USA;California;1982-04-04 00:00:00;United States Grand Prix West;
Italy;Imola;1982-04-25 00:00:00;San Marino Grand Prix;
Belgium;Heusden-Zolder;1982-05-09 00:00:00;Belgian Grand Prix;
Monaco;Monte-Carlo;1982-05-23 00:00:00;Monaco Grand Prix;
USA;Detroit;1982-06-06 00:00:00;Detroit Grand Prix;
Canada;Montreal;1982-06-13 00:00:00;Canadian Grand Prix;
Netherlands;Zandvoort;1982-07-03 00:00:00;Dutch Grand Prix;
UK;Kent;1982-07-18 00:00:00;British Grand Prix;
France;Le Castellet;1982-07-25 00:00:00;French Grand Prix;
Germany;Hockenheim;1982-08-08 00:00:00;German Grand Prix;
Austria;Spielberg;1982-08-15 00:00:00;Austrian Grand Prix;
France;Dijon;1982-08-29 00:00:00;Swiss Grand Prix;
Italy;Monza;1982-09-12 00:00:00;Italian Grand Prix;
USA;Nevada;1982-09-25 00:00:00;Caesars Palace Grand Prix;
Brazil;Rio de Janeiro;1983-03-13 00:00:00;Brazilian Grand Prix;
USA;California;1983-03-27 00:00:00;United States Grand Prix West;
France;Le Castellet;1983-04-17 00:00:00;French Grand Prix;
Italy;Imola;1983-05-01 00:00:00;San Marino Grand Prix;
Monaco;Monte-Carlo;1983-05-15 00:00:00;Monaco Grand Prix;
Belgium;Spa;1983-05-22 00:00:00;Belgian Grand Prix;
USA;Detroit;1983-06-05 00:00:00;Detroit Grand Prix;
Canada;Montreal;1983-06-12 00:00:00;Canadian Grand Prix;
UK;Silverstone;1983-07-16 00:00:00;British Grand Prix;
Germany;Hockenheim;1983-08-07 00:00:00;German Grand Prix;
Austria;Spielberg;1983-08-14 00:00:00;Austrian Grand Prix;
Netherlands;Zandvoort;1983-08-28 00:00:00;Dutch Grand Prix;
Italy;Monza;1983-09-11 00:00:00;Italian Grand Prix;
UK;Kent;1983-09-25 00:00:00;European Grand Prix;
South Africa;Midrand;1983-10-15 00:00:00;South African Grand Prix;
Brazil;Rio de Janeiro;1984-03-25 00:00:00;Brazilian Grand Prix;
South Africa;Midrand;1984-04-07 00:00:00;South African Grand Prix;
Belgium;Heusden-Zolder;1984-04-29 00:00:00;Belgian Grand Prix;
Italy;Imola;1984-05-06 00:00:00;San Marino Grand Prix;
France;Dijon;1984-05-20 00:00:00;French Grand Prix;
Monaco;Monte-Carlo;1984-06-03 00:00:00;Monaco Grand Prix;
Canada;Montreal;1984-06-17 00:00:00;Canadian Grand Prix;
USA;Detroit;1984-06-24 00:00:00;Detroit Grand Prix;
USA;Dallas;1984-07-08 00:00:00;Dallas Grand Prix;
UK;Kent;1984-07-22 00:00:00;British Grand Prix;
Germany;Hockenheim;1984-08-05 00:00:00;German Grand Prix;
Austria;Spielberg;1984-08-19 00:00:00;Austrian Grand Prix;
Netherlands;Zandvoort;1984-08-26 00:00:00;Dutch Grand Prix;
Italy;Monza;1984-09-09 00:00:00;Italian Grand Prix;
Germany;Nürburg;1984-10-07 00:00:00;European Grand Prix;
Portugal;Estoril;1984-10-21 00:00:00;Portuguese Grand Prix;
Brazil;Rio de Janeiro;1985-04-07 00:00:00;Brazilian Grand Prix;
Portugal;Estoril;1985-04-21 00:00:00;Portuguese Grand Prix;
Italy;Imola;1985-05-05 00:00:00;San Marino Grand Prix;
Monaco;Monte-Carlo;1985-05-19 00:00:00;Monaco Grand Prix;
Canada;Montreal;1985-06-16 00:00:00;Canadian Grand Prix;
USA;Detroit;1985-06-23 00:00:00;Detroit Grand Prix;
France;Le Castellet;1985-07-07 00:00:00;French Grand Prix;
UK;Silverstone;1985-07-21 00:00:00;British Grand Prix;
Germany;Nürburg;1985-08-04 00:00:00;German Grand Prix;
Austria;Spielberg;1985-08-18 00:00:00;Austrian Grand Prix;
Netherlands;Zandvoort;1985-08-25 00:00:00;Dutch Grand Prix;
Italy;Monza;1985-09-08 00:00:00;Italian Grand Prix;
Belgium;Spa;1985-09-15 00:00:00;Belgian Grand Prix;
UK;Kent;1985-10-06 00:00:00;European Grand Prix;
South Africa;Midrand;1985-10-19 00:00:00;South African Grand Prix;
Australia;Adelaide;1985-11-03 00:00:00;Australian Grand Prix;
Brazil;Rio de Janeiro;1986-03-23 00:00:00;Brazilian Grand Prix;
Spain;Jerez de la Frontera;1986-04-13 00:00:00;Spanish Grand Prix;
Italy;Imola;1986-04-27 00:00:00;San Marino Grand Prix;
Monaco;Monte-Carlo;1986-05-11 00:00:00;Monaco Grand Prix;
Belgium;Spa;1986-05-25 00:00:00;Belgian Grand Prix;
Canada;Montreal;1986-06-15 00:00:00;Canadian Grand Prix;
USA;Detroit;1986-06-22 00:00:00;Detroit Grand Prix;
France;Le Castellet;1986-07-06 00:00:00;French Grand Prix;
UK;Kent;1986-07-13 00:00:00;British Grand Prix;
Germany;Hockenheim;1986-07-27 00:00:00;German Grand Prix;
Hungary;Budapest;1986-08-10 00:00:00;Hungarian Grand Prix;
Austria;Spielberg;1986-08-17 00:00:00;Austrian Grand Prix;
Italy;Monza;1986-09-07 00:00:00;Italian Grand Prix;
Portugal;Estoril;1986-09-21 00:00:00;Portuguese Grand Prix;
Mexico;Mexico City;1986-10-12 00:00:00;Mexican Grand Prix;
Australia;Adelaide;1986-10-26 00:00:00;Australian Grand Prix;
Brazil;Rio de Janeiro;1987-04-12 00:00:00;Brazilian Grand Prix;
Italy;Imola;1987-05-03 00:00:00;San Marino Grand Prix;
Belgium;Spa;1987-05-17 00:00:00;Belgian Grand Prix;
Monaco;Monte-Carlo;1987-05-31 00:00:00;Monaco Grand Prix;
USA;Detroit;1987-06-21 00:00:00;Detroit Grand Prix;
France;Le Castellet;1987-07-05 00:00:00;French Grand Prix;
UK;Silverstone;1987-07-12 00:00:00;British Grand Prix;
Germany;Hockenheim;1987-07-26 00:00:00;German Grand Prix;
Hungary;Budapest;1987-08-09 00:00:00;Hungarian Grand Prix;
Austria;Spielberg;1987-08-16 00:00:00;Austrian Grand Prix;
Italy;Monza;1987-09-06 00:00:00;Italian Grand Prix;
Portugal;Estoril;1987-09-20 00:00:00;Portuguese Grand Prix;
Spain;Jerez de la Frontera;1987-09-27 00:00:00;Spanish Grand Prix;
Mexico;Mexico City;1987-10-18 00:00:00;Mexican Grand Prix;
Japan;Suzuka;1987-11-01 00:00:00;Japanese Grand Prix;
Australia;Adelaide;1987-11-15 00:00:00;Australian Grand Prix;
Brazil;Rio de Janeiro;1988-04-03 00:00:00;Brazilian Grand Prix;
Italy;Imola;1988-05-01 00:00:00;San Marino Grand Prix;
Monaco;Monte-Carlo;1988-05-15 00:00:00;Monaco Grand Prix;
Mexico;Mexico City;1988-05-29 00:00:00;Mexican Grand Prix;
Canada;Montreal;1988-06-12 00:00:00;Canadian Grand Prix;
USA;Detroit;1988-06-19 00:00:00;Detroit Grand Prix;
France;Le Castellet;1988-07-03 00:00:00;French Grand Prix;
UK;Silverstone;1988-07-10 00:00:00;British Grand Prix;
Germany;Hockenheim;1988-07-24 00:00:00;German Grand Prix;
Hungary;Budapest;1988-08-07 00:00:00;Hungarian Grand Prix;
Belgium;Spa;1988-08-28 00:00:00;Belgian Grand Prix;
Italy;Monza;1988-09-11 00:00:00;Italian Grand Prix;
Portugal;Estoril;1988-09-25 00:00:00;Portuguese Grand Prix;
Spain;Jerez de la Frontera;1988-10-02 00:00:00;Spanish Grand Prix;
Japan;Suzuka;1988-10-30 00:00:00;Japanese Grand Prix;
Australia;Adelaide;1988-11-13 00:00:00;Australian Grand Prix;
Brazil;Rio de Janeiro;1989-03-26 00:00:00;Brazilian Grand Prix;
Italy;Imola;1989-04-23 00:00:00;San Marino Grand Prix;
Monaco;Monte-Carlo;1989-05-07 00:00:00;Monaco Grand Prix;
Mexico;Mexico City;1989-05-28 00:00:00;Mexican Grand Prix;
USA;Phoenix;1989-06-04 00:00:00;United States Grand Prix;
Canada;Montreal;1989-06-18 00:00:00;Canadian Grand Prix;
France;Le Castellet;1989-07-09 00:00:00;French Grand Prix;
UK;Silverstone;1989-07-16 00:00:00;British Grand Prix;
Germany;Hockenheim;1989-07-30 00:00:00;German Grand Prix;
Hungary;Budapest;1989-08-13 00:00:00;Hungarian Grand Prix;
Belgium;Spa;1989-08-27 00:00:00;Belgian Grand Prix;
Italy;Monza;1989-09-10 00:00:00;Italian Grand Prix;
Portugal;Estoril;1989-09-24 00:00:00;Portuguese Grand Prix;
Spain;Jerez de la Frontera;1989-10-01 00:00:00;Spanish Grand Prix;
Japan;Suzuka;1989-10-22 00:00:00;Japanese Grand Prix;
Australia;Adelaide;1989-11-05 00:00:00;Australian Grand Prix;
USA;Phoenix;1990-03-11 00:00:00;United States Grand Prix;
Brazil;São Paulo;1990-03-25 00:00:00;Brazilian Grand Prix;
Italy;Imola;1990-05-13 00:00:00;San Marino Grand Prix;
Monaco;Monte-Carlo;1990-05-27 00:00:00;Monaco Grand Prix;
Canada;Montreal;1990-06-10 00:00:00;Canadian Grand Prix;
Mexico;Mexico City;1990-06-24 00:00:00;Mexican Grand Prix;
France;Le Castellet;1990-07-08 00:00:00;French Grand Prix;
UK;Silverstone;1990-07-15 00:00:00;British Grand Prix;
Germany;Hockenheim;1990-07-29 00:00:00;German Grand Prix;
Hungary;Budapest;1990-08-12 00:00:00;Hungarian Grand Prix;
Belgium;Spa;1990-08-26 00:00:00;Belgian Grand Prix;
Italy;Monza;1990-09-09 00:00:00;Italian Grand Prix;
Portugal;Estoril;1990-09-23 00:00:00;Portuguese Grand Prix;
Spain;Jerez de la Frontera;1990-09-30 00:00:00;Spanish Grand Prix;
Japan;Suzuka;1990-10-21 00:00:00;Japanese Grand Prix;
Australia;Adelaide;1990-11-04 00:00:00;Australian Grand Prix;
USA;Phoenix;1991-03-10 00:00:00;United States Grand Prix;
Brazil;São Paulo;1991-03-24 00:00:00;Brazilian Grand Prix;
Italy;Imola;1991-04-28 00:00:00;San Marino Grand Prix;
Monaco;Monte-Carlo;1991-05-12 00:00:00;Monaco Grand Prix;
Canada;Montreal;1991-06-02 00:00:00;Canadian Grand Prix;
Mexico;Mexico City;1991-06-16 00:00:00;Mexican Grand Prix;
France;Magny Cours;1991-07-07 00:00:00;French Grand Prix;
UK;Silverstone;1991-07-14 00:00:00;British Grand Prix;
Germany;Hockenheim;1991-07-28 00:00:00;German Grand Prix;
Hungary;Budapest;1991-08-11 00:00:00;Hungarian Grand Prix;
Belgium;Spa;1991-08-25 00:00:00;Belgian Grand Prix;
Italy;Monza;1991-09-08 00:00:00;Italian Grand Prix;
Portugal;Estoril;1991-09-22 00:00:00;Portuguese Grand Prix;
Spain;Montmeló;1991-09-29 00:00:00;Spanish Grand Prix;
Japan;Suzuka;1991-10-20 00:00:00;Japanese Grand Prix;
Australia;Adelaide;1991-11-03 00:00:00;Australian Grand Prix;
South Africa;Midrand;1992-03-01 00:00:00;South African Grand Prix;
Mexico;Mexico City;1992-03-22 00:00:00;Mexican Grand Prix;
Brazil;São Paulo;1992-04-05 00:00:00;Brazilian Grand Prix;
Spain;Montmeló;1992-05-03 00:00:00;Spanish Grand Prix;
Italy;Imola;1992-05-17 00:00:00;San Marino Grand Prix;
Monaco;Monte-Carlo;1992-05-31 00:00:00;Monaco Grand Prix;
Canada;Montreal;1992-06-14 00:00:00;Canadian Grand Prix;
France;Magny Cours;1992-07-05 00:00:00;French Grand Prix;
UK;Silverstone;1992-07-12 00:00:00;British Grand Prix;
Germany;Hockenheim;1992-07-26 00:00:00;German Grand Prix;
Hungary;Budapest;1992-08-16 00:00:00;Hungarian Grand Prix;
Belgium;Spa;1992-08-30 00:00:00;Belgian Grand Prix;
Italy;Monza;1992-09-13 00:00:00;Italian Grand Prix;
Portugal;Estoril;1992-09-27 00:00:00;Portuguese Grand Prix;
Japan;Suzuka;1992-10-25 00:00:00;Japanese Grand Prix;
Australia;Adelaide;1992-11-08 00:00:00;Australian Grand Prix;
South Africa;Midrand;1993-03-14 00:00:00;South African Grand Prix;
Brazil;São Paulo;1993-03-28 00:00:00;Brazilian Grand Prix;
UK;Castle Donington;1993-04-11 00:00:00;European Grand Prix;
Italy;Imola;1993-04-25 00:00:00;San Marino Grand Prix;
Spain;Montmeló;1993-05-09 00:00:00;Spanish Grand Prix;
Monaco;Monte-Carlo;1993-05-23 00:00:00;Monaco Grand Prix;
Canada;Montreal;1993-06-13 00:00:00;Canadian Grand Prix;
France;Magny Cours;1993-07-04 00:00:00;French Grand Prix;
UK;Silverstone;1993-07-11 00:00:00;British Grand Prix;
Germany;Hockenheim;1993-07-25 00:00:00;German Grand Prix;
Hungary;Budapest;1993-08-15 00:00:00;Hungarian Grand Prix;
Belgium;Spa;1993-08-29 00:00:00;Belgian Grand Prix;
Italy;Monza;1993-09-12 00:00:00;Italian Grand Prix;
Portugal;Estoril;1993-09-26 00:00:00;Portuguese Grand Prix;
Japan;Suzuka;1993-10-24 00:00:00;Japanese Grand Prix;
Australia;Adelaide;1993-11-07 00:00:00;Australian Grand Prix;
Brazil;São Paulo;1994-03-27 00:00:00;Brazilian Grand Prix;
Japan;Okayama;1994-04-17 00:00:00;Pacific Grand Prix;
Italy;Imola;1994-05-01 00:00:00;San Marino Grand Prix;
Monaco;Monte-Carlo;1994-05-15 00:00:00;Monaco Grand Prix;
Spain;Montmeló;1994-05-29 00:00:00;Spanish Grand Prix;
Canada;Montreal;1994-06-12 00:00:00;Canadian Grand Prix;
France;Magny Cours;1994-07-03 00:00:00;French Grand Prix;
UK;Silverstone;1994-07-10 00:00:00;British Grand Prix;
Germany;Hockenheim;1994-07-31 00:00:00;German Grand Prix;
Hungary;Budapest;1994-08-14 00:00:00;Hungarian Grand Prix;
Belgium;Spa;1994-08-28 00:00:00;Belgian Grand Prix;
Italy;Monza;1994-09-11 00:00:00;Italian Grand Prix;
Portugal;Estoril;1994-09-25 00:00:00;Portuguese Grand Prix;
Spain;Jerez de la Frontera;1994-10-16 00:00:00;European Grand Prix;
Japan;Suzuka;1994-11-06 00:00:00;Japanese Grand Prix;
Australia;Adelaide;1994-11-13 00:00:00;Australian Grand Prix;
Brazil;São Paulo;1995-03-26 00:00:00;Brazilian Grand Prix;
Argentina;Buenos Aires;1995-04-09 00:00:00;Argentine Grand Prix;
Italy;Imola;1995-04-30 00:00:00;San Marino Grand Prix;
Spain;Montmeló;1995-05-14 00:00:00;Spanish Grand Prix;
Monaco;Monte-Carlo;1995-05-28 00:00:00;Monaco Grand Prix;
Canada;Montreal;1995-06-11 00:00:00;Canadian Grand Prix;
France;Magny Cours;1995-07-02 00:00:00;French Grand Prix;
UK;Silverstone;1995-07-16 00:00:00;British Grand Prix;
Germany;Hockenheim;1995-07-30 00:00:00;German Grand Prix;
Hungary;Budapest;1995-08-13 00:00:00;Hungarian Grand Prix;
Belgium;Spa;1995-08-27 00:00:00;Belgian Grand Prix;
Italy;Monza;1995-09-10 00:00:00;Italian Grand Prix;
Portugal;Estoril;1995-09-24 00:00:00;Portuguese Grand Prix;
Germany;Nürburg;1995-10-01 00:00:00;European Grand Prix;
Japan;Okayama;1995-10-22 00:00:00;Pacific Grand Prix;
Japan;Suzuka;1995-10-29 00:00:00;Japanese Grand Prix;
Australia;Adelaide;1995-11-12 00:00:00;Australian Grand Prix;
Australia;Melbourne;1996-03-10 00:00:00;Australian Grand Prix;
Brazil;São Paulo;1996-03-31 00:00:00;Brazilian Grand Prix;
Argentina;Buenos Aires;1996-04-07 00:00:00;Argentine Grand Prix;
Germany;Nürburg;1996-04-28 00:00:00;European Grand Prix;
Italy;Imola;1996-05-05 00:00:00;San Marino Grand Prix;
Monaco;Monte-Carlo;1996-05-19 00:00:00;Monaco Grand Prix;
Spain;Montmeló;1996-06-02 00:00:00;Spanish Grand Prix;
Canada;Montreal;1996-06-16 00:00:00;Canadian Grand Prix;
France;Magny Cours;1996-06-30 00:00:00;French Grand Prix;
UK;Silverstone;1996-07-14 00:00:00;British Grand Prix;
Germany;Hockenheim;1996-07-28 00:00:00;German Grand Prix;
Hungary;Budapest;1996-08-11 00:00:00;Hungarian Grand Prix;
Belgium;Spa;1996-08-25 00:00:00;Belgian Grand Prix;
Italy;Monza;1996-09-08 00:00:00;Italian Grand Prix;
Portugal;Estoril;1996-09-22 00:00:00;Portuguese Grand Prix;
Japan;Suzuka;1996-10-13 00:00:00;Japanese Grand Prix;
Australia;Melbourne;1997-03-09 00:00:00;Australian Grand Prix;
Brazil;São Paulo;1997-03-30 00:00:00;Brazilian Grand Prix;
Argentina;Buenos Aires;1997-04-13 00:00:00;Argentine Grand Prix;
Italy;Imola;1997-04-27 00:00:00;San Marino Grand Prix;
Monaco;Monte-Carlo;1997-05-11 00:00:00;Monaco Grand Prix;
Spain;Montmeló;1997-05-25 00:00:00;Spanish Grand Prix;
Canada;Montreal;1997-06-15 00:00:00;Canadian Grand Prix;
France;Magny Cours;1997-06-29 00:00:00;French Grand Prix;
UK;Silverstone;1997-07-13 00:00:00;British Grand Prix;
Germany;Hockenheim;1997-07-27 00:00:00;German Grand Prix;
Hungary;Budapest;1997-08-10 00:00:00;Hungarian Grand Prix;
Belgium;Spa;1997-08-24 00:00:00;Belgian Grand Prix;
Italy;Monza;1997-09-07 00:00:00;Italian Grand Prix;
Austria;Spielberg;1997-09-21 00:00:00;Austrian Grand Prix;
Germany;Nürburg;1997-09-28 00:00:00;Luxembourg Grand Prix;
Japan;Suzuka;1997-10-12 00:00:00;Japanese Grand Prix;
Spain;Jerez de la Frontera;1997-10-26 00:00:00;European Grand Prix;
Australia;Melbourne;1998-03-08 00:00:00;Australian Grand Prix;
Brazil;São Paulo;1998-03-29 00:00:00;Brazilian Grand Prix;
Argentina;Buenos Aires;1998-04-12 00:00:00;Argentine Grand Prix;
Italy;Imola;1998-04-26 00:00:00;San Marino Grand Prix;
Spain;Montmeló;1998-05-10 00:00:00;Spanish Grand Prix;
Monaco;Monte-Carlo;1998-05-24 00:00:00;Monaco Grand Prix;
Canada;Montreal;1998-06-07 00:00:00;Canadian Grand Prix;
France;Magny Cours;1998-06-28 00:00:00;French Grand Prix;
UK;Silverstone;1998-07-12 00:00:00;British Grand Prix;
Austria;Spielberg;1998-07-26 00:00:00;Austrian Grand Prix;
Germany;Hockenheim;1998-08-02 00:00:00;German Grand Prix;
Hungary;Budapest;1998-08-16 00:00:00;Hungarian Grand Prix;
Belgium;Spa;1998-08-30 00:00:00;Belgian Grand Prix;
Italy;Monza;1998-09-13 00:00:00;Italian Grand Prix;
Germany;Nürburg;1998-09-27 00:00:00;Luxembourg Grand Prix;
Japan;Suzuka;1998-11-01 00:00:00;Japanese Grand Prix;
Australia;Melbourne;1999-03-07 00:00:00;Australian Grand Prix;
Brazil;São Paulo;1999-04-11 00:00:00;Brazilian Grand Prix;
Italy;Imola;1999-05-02 00:00:00;San Marino Grand Prix;
Monaco;Monte-Carlo;1999-05-16 00:00:00;Monaco Grand Prix;
Spain;Montmeló;1999-05-30 00:00:00;Spanish Grand Prix;
Canada;Montreal;1999-06-13 00:00:00;Canadian Grand Prix;
France;Magny Cours;1999-06-27 00:00:00;French Grand Prix;
UK;Silverstone;1999-07-11 00:00:00;British Grand Prix;
Austria;Spielberg;1999-07-25 00:00:00;Austrian Grand Prix;
Germany;Hockenheim;1999-08-01 00:00:00;German Grand Prix;
Hungary;Budapest;1999-08-15 00:00:00;Hungarian Grand Prix;
Belgium;Spa;1999-08-29 00:00:00;Belgian Grand Prix;
Italy;Monza;1999-09-12 00:00:00;Italian Grand Prix;
Germany;Nürburg;1999-09-26 00:00:00;European Grand Prix;
Malaysia;Kuala Lumpur;1999-10-17 00:00:00;Malaysian Grand Prix;
Japan;Suzuka;1999-10-31 00:00:00;Japanese Grand Prix;
Australia;Melbourne;2000-03-12 00:00:00;Australian Grand Prix;
Brazil;São Paulo;2000-03-26 00:00:00;Brazilian Grand Prix;
Italy;Imola;2000-04-09 00:00:00;San Marino Grand Prix;
UK;Silverstone;2000-04-23 00:00:00;British Grand Prix;
Spain;Montmeló;2000-05-07 00:00:00;Spanish Grand Prix;
Germany;Nürburg;2000-05-21 00:00:00;European Grand Prix;
Monaco;Monte-Carlo;2000-06-04 00:00:00;Monaco Grand Prix;
Canada;Montreal;2000-06-18 00:00:00;Canadian Grand Prix;
France;Magny Cours;2000-07-02 00:00:00;French Grand Prix;
Austria;Spielberg;2000-07-16 00:00:00;Austrian Grand Prix;
Germany;Hockenheim;2000-07-30 00:00:00;German Grand Prix;
Hungary;Budapest;2000-08-13 00:00:00;Hungarian Grand Prix;
Belgium;Spa;2000-08-27 00:00:00;Belgian Grand Prix;
Italy;Monza;2000-09-10 00:00:00;Italian Grand Prix;
USA;Indianapolis;2000-09-24 00:00:00;United States Grand Prix;
Japan;Suzuka;2000-10-08 00:00:00;Japanese Grand Prix;
Malaysia;Kuala Lumpur;2000-10-22 00:00:00;Malaysian Grand Prix;
Australia;Melbourne;2001-03-04 00:00:00;Australian Grand Prix;
Malaysia;Kuala Lumpur;2001-03-18 00:00:00;Malaysian Grand Prix;
Brazil;São Paulo;2001-04-01 00:00:00;Brazilian Grand Prix;
Italy;Imola;2001-04-15 00:00:00;San Marino Grand Prix;
Spain;Montmeló;2001-04-29 00:00:00;Spanish Grand Prix;
Austria;Spielberg;2001-05-13 00:00:00;Austrian Grand Prix;
Monaco;Monte-Carlo;2001-05-27 00:00:00;Monaco Grand Prix;
Canada;Montreal;2001-06-10 00:00:00;Canadian Grand Prix;
Germany;Nürburg;2001-06-24 00:00:00;European Grand Prix;
France;Magny Cours;2001-07-01 00:00:00;French Grand Prix;
UK;Silverstone;2001-07-15 00:00:00;British Grand Prix;
Germany;Hockenheim;2001-07-29 00:00:00;German Grand Prix;
Hungary;Budapest;2001-08-19 00:00:00;Hungarian Grand Prix;
Belgium;Spa;2001-09-02 00:00:00;Belgian Grand Prix;
Italy;Monza;2001-09-16 00:00:00;Italian Grand Prix;
USA;Indianapolis;2001-09-30 00:00:00;United States Grand Prix;
Japan;Suzuka;2001-10-14 00:00:00;Japanese Grand Prix;
Australia;Melbourne;2002-03-03 00:00:00;Australian Grand Prix;
Malaysia;Kuala Lumpur;2002-03-17 00:00:00;Malaysian Grand Prix;
Brazil;São Paulo;2002-03-31 00:00:00;Brazilian Grand Prix;
Italy;Imola;2002-04-14 00:00:00;San Marino Grand Prix;
Spain;Montmeló;2002-04-28 00:00:00;Spanish Grand Prix;
Austria;Spielberg;2002-05-12 00:00:00;Austrian Grand Prix;
Monaco;Monte-Carlo;2002-05-26 00:00:00;Monaco Grand Prix;
Canada;Montreal;2002-06-09 00:00:00;Canadian Grand Prix;
Germany;Nürburg;2002-06-23 00:00:00;European Grand Prix;
UK;Silverstone;2002-07-07 00:00:00;British Grand Prix;
France;Magny Cours;2002-07-21 00:00:00;French Grand Prix;
Germany;Hockenheim;2002-07-28 00:00:00;German Grand Prix;
Hungary;Budapest;2002-08-18 00:00:00;Hungarian Grand Prix;
Belgium;Spa;2002-09-01 00:00:00;Belgian Grand Prix;
Italy;Monza;2002-09-15 00:00:00;Italian Grand Prix;
USA;Indianapolis;2002-09-29 00:00:00;United States Grand Prix;
Japan;Suzuka;2002-10-13 00:00:00;Japanese Grand Prix;
Australia;Melbourne;2003-03-09 00:00:00;Australian Grand Prix;
Malaysia;Kuala Lumpur;2003-03-23 00:00:00;Malaysian Grand Prix;
Brazil;São Paulo;2003-04-06 00:00:00;Brazilian Grand Prix;
Italy;Imola;2003-04-20 00:00:00;San Marino Grand Prix;
Spain;Montmeló;2003-05-04 00:00:00;Spanish Grand Prix;
Austria;Spielberg;2003-05-18 00:00:00;Austrian Grand Prix;
Monaco;Monte-Carlo;2003-06-01 00:00:00;Monaco Grand Prix;
Canada;Montreal;2003-06-15 00:00:00;Canadian Grand Prix;
Germany;Nürburg;2003-06-29 00:00:00;European Grand Prix;
France;Magny Cours;2003-07-06 00:00:00;French Grand Prix;
UK;Silverstone;2003-07-20 00:00:00;British Grand Prix;
Germany;Hockenheim;2003-08-03 00:00:00;German Grand Prix;
Hungary;Budapest;2003-08-24 00:00:00;Hungarian Grand Prix;
Italy;Monza;2003-09-14 00:00:00;Italian Grand Prix;
USA;Indianapolis;2003-09-28 00:00:00;United States Grand Prix;
Japan;Suzuka;2003-10-12 00:00:00;Japanese Grand Prix;
Australia;Melbourne;2004-03-07 00:00:00;Australian Grand Prix;
Malaysia;Kuala Lumpur;2004-03-21 00:00:00;Malaysian Grand Prix;
Bahrain;Sakhir;2004-04-04 00:00:00;Bahrain Grand Prix;
Italy;Imola;2004-04-25 00:00:00;San Marino Grand Prix;
Spain;Montmeló;2004-05-09 00:00:00;Spanish Grand Prix;
Monaco;Monte-Carlo;2004-05-23 00:00:00;Monaco Grand Prix;
Germany;Nürburg;2004-05-30 00:00:00;European Grand Prix;
Canada;Montreal;2004-06-13 00:00:00;Canadian Grand Prix;
USA;Indianapolis;2004-06-20 00:00:00;United States Grand Prix;
France;Magny Cours;2004-07-04 00:00:00;French Grand Prix;
UK;Silverstone;2004-07-11 00:00:00;British Grand Prix;
Germany;Hockenheim;2004-07-25 00:00:00;German Grand Prix;
Hungary;Budapest;2004-08-15 00:00:00;Hungarian Grand Prix;
Belgium;Spa;2004-08-29 00:00:00;Belgian Grand Prix;
Italy;Monza;2004-09-12 00:00:00;Italian Grand Prix;
China;Shanghai;2004-09-26 00:00:00;Chinese Grand Prix;
Japan;Suzuka;2004-10-10 00:00:00;Japanese Grand Prix;
Brazil;São Paulo;2004-10-24 00:00:00;Brazilian Grand Prix;
Australia;Melbourne;2005-03-06 14:00:00;Australian Grand Prix;
Malaysia;Kuala Lumpur;2005-03-20 15:00:00;Malaysian Grand Prix;
Bahrain;Sakhir;2005-04-03 14:30:00;Bahrain Grand Prix;
Italy;Imola;2005-04-24 14:00:00;San Marino Grand Prix;
Spain;Montmeló;2005-05-08 14:00:00;Spanish Grand Prix;
Monaco;Monte-Carlo;2005-05-22 14:00:00;Monaco Grand Prix;
Germany;Nürburg;2005-05-29 14:00:00;European Grand Prix;
Canada;Montreal;2005-06-12 13:00:00;Canadian Grand Prix;
USA;Indianapolis;2005-06-19 14:00:00;United States Grand Prix;
France;Magny Cours;2005-07-03 14:00:00;French Grand Prix;
UK;Silverstone;2005-07-10 14:00:00;British Grand Prix;
Germany;Hockenheim;2005-07-24 14:00:00;German Grand Prix;
Hungary;Budapest;2005-07-31 14:00:00;Hungarian Grand Prix;
Turkey;Istanbul;2005-08-21 15:00:00;Turkish Grand Prix;
Italy;Monza;2005-09-04 14:00:00;Italian Grand Prix;
Belgium;Spa;2005-09-11 14:00:00;Belgian Grand Prix;
Brazil;São Paulo;2005-09-25 14:00:00;Brazilian Grand Prix;
Japan;Suzuka;2005-10-09 14:00:00;Japanese Grand Prix;
China;Shanghai;2005-10-16 14:00:00;Chinese Grand Prix;
Bahrain;Sakhir;2006-03-12 14:30:00;Bahrain Grand Prix;
Malaysia;Kuala Lumpur;2006-03-19 15:00:00;Malaysian Grand Prix;
Australia;Melbourne;2006-04-02 14:00:00;Australian Grand Prix;
Italy;Imola;2006-04-23 14:00:00;San Marino Grand Prix;
Germany;Nürburg;2006-05-07 14:00:00;European Grand Prix;
Spain;Montmeló;2006-05-14 14:00:00;Spanish Grand Prix;
Monaco;Monte-Carlo;2006-05-28 14:00:00;Monaco Grand Prix;
UK;Silverstone;2006-06-11 12:00:00;British Grand Prix;
Canada;Montreal;2006-06-25 13:00:00;Canadian Grand Prix;
USA;Indianapolis;2006-07-02 14:00:00;United States Grand Prix;
France;Magny Cours;2006-07-16 14:00:00;French Grand Prix;
Germany;Hockenheim;2006-07-30 14:00:00;German Grand Prix;
Hungary;Budapest;2006-08-06 14:00:00;Hungarian Grand Prix;
Turkey;Istanbul;2006-08-27 15:00:00;Turkish Grand Prix;
Italy;Monza;2006-09-10 14:00:00;Italian Grand Prix;
China;Shanghai;2006-10-01 14:00:00;Chinese Grand Prix;
Japan;Suzuka;2006-10-08 14:00:00;Japanese Grand Prix;
Brazil;São Paulo;2006-10-22 14:00:00;Brazilian Grand Prix;
Australia;Melbourne;2007-03-18 03:00:00;Australian Grand Prix;
Malaysia;Kuala Lumpur;2007-04-08 07:00:00;Malaysian Grand Prix;
Bahrain;Sakhir;2007-04-15 11:30:00;Bahrain Grand Prix;
Spain;Montmeló;2007-05-13 12:00:00;Spanish Grand Prix;
Monaco;Monte-Carlo;2007-05-27 12:00:00;Monaco Grand Prix;
Canada;Montreal;2007-06-10 17:00:00;Canadian Grand Prix;
USA;Indianapolis;2007-06-17 17:00:00;United States Grand Prix;
France;Magny Cours;2007-07-01 12:00:00;French Grand Prix;
UK;Silverstone;2007-07-08 12:00:00;British Grand Prix;
Germany;Nürburg;2007-07-22 12:00:00;European Grand Prix;
Hungary;Budapest;2007-08-05 12:00:00;Hungarian Grand Prix;
Turkey;Istanbul;2007-08-26 12:00:00;Turkish Grand Prix;
Italy;Monza;2007-09-09 12:00:00;Italian Grand Prix;
Belgium;Spa;2007-09-16 12:00:00;Belgian Grand Prix;
Japan;Oyama;2007-09-30 04:30:00;Japanese Grand Prix;
China;Shanghai;2007-10-07 06:00:00;Chinese Grand Prix;
Brazil;São Paulo;2007-10-21 16:00:00;Brazilian Grand Prix;
Australia;Melbourne;2008-03-16 04:30:00;Australian Grand Prix;
Malaysia;Kuala Lumpur;2008-03-23 07:00:00;Malaysian Grand Prix;
Bahrain;Sakhir;2008-04-06 11:30:00;Bahrain Grand Prix;
Spain;Montmeló;2008-04-27 12:00:00;Spanish Grand Prix;
Turkey;Istanbul;2008-05-11 12:00:00;Turkish Grand Prix;
Monaco;Monte-Carlo;2008-05-25 12:00:00;Monaco Grand Prix;
Canada;Montreal;2008-06-08 17:00:00;Canadian Grand Prix;
France;Magny Cours;2008-06-22 12:00:00;French Grand Prix;
UK;Silverstone;2008-07-06 12:00:00;British Grand Prix;
Germany;Hockenheim;2008-07-20 12:00:00;German Grand Prix;
Hungary;Budapest;2008-08-03 12:00:00;Hungarian Grand Prix;
Spain;Valencia;2008-08-24 12:00:00;European Grand Prix;
Belgium;Spa;2008-09-07 12:00:00;Belgian Grand Prix;
Italy;Monza;2008-09-14 12:00:00;Italian Grand Prix;
Singapore;Marina Bay;2008-09-28 12:00:00;Singapore Grand Prix;
Japan;Oyama;2008-10-12 04:30:00;Japanese Grand Prix;
China;Shanghai;2008-10-19 07:00:00;Chinese Grand Prix;
Brazil;São Paulo;2008-11-02 17:00:00;Brazilian Grand Prix;
Australia;Melbourne;2009-03-29 06:00:00;Australian Grand Prix;
Malaysia;Kuala Lumpur;2009-04-05 09:00:00;Malaysian Grand Prix;
China;Shanghai;2009-04-19 07:00:00;Chinese Grand Prix;
Bahrain;Sakhir;2009-04-26 12:00:00;Bahrain Grand Prix;
Spain;Montmeló;2009-05-10 12:00:00;Spanish Grand Prix;
Monaco;Monte-Carlo;2009-05-24 12:00:00;Monaco Grand Prix;
Turkey;Istanbul;2009-06-07 12:00:00;Turkish Grand Prix;
UK;Silverstone;2009-06-21 12:00:00;British Grand Prix;
Germany;Nürburg;2009-07-12 12:00:00;German Grand Prix;
Hungary;Budapest;2009-07-26 12:00:00;Hungarian Grand Prix;
Spain;Valencia;2009-08-23 12:00:00;European Grand Prix;
Belgium;Spa;2009-08-30 12:00:00;Belgian Grand Prix;
Italy;Monza;2009-09-13 12:00:00;Italian Grand Prix;
Singapore;Marina Bay;2009-09-27 12:00:00;Singapore Grand Prix;
Japan;Suzuka;2009-10-04 05:00:00;Japanese Grand Prix;
Brazil;São Paulo;2009-10-18 16:00:00;Brazilian Grand Prix;
UAE;Abu Dhabi;2009-11-01 11:00:00;Abu Dhabi Grand Prix;
Bahrain;Sakhir;2010-03-14 12:00:00;Bahrain Grand Prix;
Australia;Melbourne;2010-03-28 06:00:00;Australian Grand Prix;
Malaysia;Kuala Lumpur;2010-04-04 08:00:00;Malaysian Grand Prix;
China;Shanghai;2010-04-18 06:00:00;Chinese Grand Prix;
Spain;Montmeló;2010-05-09 12:00:00;Spanish Grand Prix;
Monaco;Monte-Carlo;2010-05-16 12:00:00;Monaco Grand Prix;
Turkey;Istanbul;2010-05-30 11:00:00;Turkish Grand Prix;
Canada;Montreal;2010-06-13 16:00:00;Canadian Grand Prix;
Spain;Valencia;2010-06-27 12:00:00;European Grand Prix;
UK;Silverstone;2010-07-11 12:00:00;British Grand Prix;
Germany;Hockenheim;2010-07-25 12:00:00;German Grand Prix;
Hungary;Budapest;2010-08-01 12:00:00;Hungarian Grand Prix;
Belgium;Spa;2010-08-29 12:00:00;Belgian Grand Prix;
Italy;Monza;2010-09-12 12:00:00;Italian Grand Prix;
Singapore;Marina Bay;2010-09-26 12:00:00;Singapore Grand Prix;
Japan;Suzuka;2010-10-10 06:00:00;Japanese Grand Prix;
Korea;Yeongam County;2010-10-24 05:00:00;Korean Grand Prix;
Brazil;São Paulo;2010-11-07 16:00:00;Brazilian Grand Prix;
UAE;Abu Dhabi;2010-11-14 13:00:00;Abu Dhabi Grand Prix;
Australia;Melbourne;2011-03-27 06:00:00;Australian Grand Prix;
Malaysia;Kuala Lumpur;2011-04-10 08:00:00;Malaysian Grand Prix;
China;Shanghai;2011-04-17 07:00:00;Chinese Grand Prix;
Turkey;Istanbul;2011-05-08 12:00:00;Turkish Grand Prix;
Spain;Montmeló;2011-05-22 12:00:00;Spanish Grand Prix;
Monaco;Monte-Carlo;2011-05-29 12:00:00;Monaco Grand Prix;
Canada;Montreal;2011-06-12 17:00:00;Canadian Grand Prix;
Spain;Valencia;2011-06-26 12:00:00;European Grand Prix;
UK;Silverstone;2011-07-10 12:00:00;British Grand Prix;
Germany;Nürburg;2011-07-24 12:00:00;German Grand Prix;
Hungary;Budapest;2011-07-31 12:00:00;Hungarian Grand Prix;
Belgium;Spa;2011-08-28 12:00:00;Belgian Grand Prix;
Italy;Monza;2011-09-11 12:00:00;Italian Grand Prix;
Singapore;Marina Bay;2011-09-25 12:00:00;Singapore Grand Prix;
Japan;Suzuka;2011-10-09 06:00:00;Japanese Grand Prix;
Korea;Yeongam County;2011-10-16 06:00:00;Korean Grand Prix;
India;Uttar Pradesh;2011-10-30 09:30:00;Indian Grand Prix;
UAE;Abu Dhabi;2011-11-13 13:00:00;Abu Dhabi Grand Prix;
Brazil;São Paulo;2011-11-27 16:00:00;Brazilian Grand Prix;
Australia;Melbourne;2012-03-18 06:00:00;Australian Grand Prix;
Malaysia;Kuala Lumpur;2012-03-25 08:00:00;Malaysian Grand Prix;
China;Shanghai;2012-04-15 07:00:00;Chinese Grand Prix;
Bahrain;Sakhir;2012-04-22 12:00:00;Bahrain Grand Prix;
Spain;Montmeló;2012-05-13 12:00:00;Spanish Grand Prix;
Monaco;Monte-Carlo;2012-05-27 12:00:00;Monaco Grand Prix;
Canada;Montreal;2012-06-10 18:00:00;Canadian Grand Prix;
Spain;Valencia;2012-06-24 12:00:00;European Grand Prix;
UK;Silverstone;2012-07-08 12:00:00;British Grand Prix;
Germany;Hockenheim;2012-07-22 12:00:00;German Grand Prix;
Hungary;Budapest;2012-07-29 12:00:00;Hungarian Grand Prix;
Belgium;Spa;2012-09-02 12:00:00;Belgian Grand Prix;
Italy;Monza;2012-09-09 12:00:00;Italian Grand Prix;
Singapore;Marina Bay;2012-09-23 12:00:00;Singapore Grand Prix;
Japan;Suzuka;2012-10-07 06:00:00;Japanese Grand Prix;
Korea;Yeongam County;2012-10-14 06:00:00;Korean Grand Prix;
India;Uttar Pradesh;2012-10-28 09:30:00;Indian Grand Prix;
UAE;Abu Dhabi;2012-11-04 13:00:00;Abu Dhabi Grand Prix;
USA;Austin;2012-11-18 19:00:00;United States Grand Prix;
Brazil;São Paulo;2012-11-25 16:00:00;Brazilian Grand Prix;
Australia;Melbourne;2013-03-17 06:00:00;Australian Grand Prix;
Malaysia;Kuala Lumpur;2013-03-24 08:00:00;Malaysian Grand Prix;
China;Shanghai;2013-04-14 07:00:00;Chinese Grand Prix;
Bahrain;Sakhir;2013-04-21 12:00:00;Bahrain Grand Prix;
Spain;Montmeló;2013-05-12 12:00:00;Spanish Grand Prix;
Monaco;Monte-Carlo;2013-05-26 12:00:00;Monaco Grand Prix;
Canada;Montreal;2013-06-09 18:00:00;Canadian Grand Prix;
UK;Silverstone;2013-06-30 12:00:00;British Grand Prix;
Germany;Nürburg;2013-07-07 12:00:00;German Grand Prix;
Hungary;Budapest;2013-07-28 12:00:00;Hungarian Grand Prix;
Belgium;Spa;2013-08-25 12:00:00;Belgian Grand Prix;
Italy;Monza;2013-09-08 12:00:00;Italian Grand Prix;
Singapore;Marina Bay;2013-09-22 12:00:00;Singapore Grand Prix;
Korea;Yeongam County;2013-10-06 06:00:00;Korean Grand Prix;
Japan;Suzuka;2013-10-13 06:00:00;Japanese Grand Prix;
India;Uttar Pradesh;2013-10-27 09:30:00;Indian Grand Prix;
UAE;Abu Dhabi;2013-11-03 13:00:00;Abu Dhabi Grand Prix;
USA;Austin;2013-11-17 19:00:00;United States Grand Prix;
Brazil;São Paulo;2013-11-24 16:00:00;Brazilian Grand Prix;
Australia;Melbourne;2014-03-16 06:00:00;Australian Grand Prix;
Malaysia;Kuala Lumpur;2014-03-30 08:00:00;Malaysian Grand Prix;
Bahrain;Sakhir;2014-04-06 15:00:00;Bahrain Grand Prix;
China;Shanghai;2014-04-20 07:00:00;Chinese Grand Prix;
Spain;Montmeló;2014-05-11 12:00:00;Spanish Grand Prix;
Monaco;Monte-Carlo;2014-05-25 12:00:00;Monaco Grand Prix;
Canada;Montreal;2014-06-08 18:00:00;Canadian Grand Prix;
Austria;Spielberg;2014-06-22 12:00:00;Austrian Grand Prix;
UK;Silverstone;2014-07-06 12:00:00;British Grand Prix;
Germany;Hockenheim;2014-07-20 12:00:00;German Grand Prix;
Hungary;Budapest;2014-07-27 12:00:00;Hungarian Grand Prix;
Belgium;Spa;2014-08-24 12:00:00;Belgian Grand Prix;
Italy;Monza;2014-09-07 12:00:00;Italian Grand Prix;
Singapore;Marina Bay;2014-09-21 12:00:00;Singapore Grand Prix;
Japan;Suzuka;2014-10-05 06:00:00;Japanese Grand Prix;
Russia;Sochi;2014-10-12 11:00:00;Russian Grand Prix;
USA;Austin;2014-11-02 20:00:00;United States Grand Prix;
Brazil;São Paulo;2014-11-09 16:00:00;Brazilian Grand Prix;
UAE;Abu Dhabi;2014-11-23 13:00:00;Abu Dhabi Grand Prix;
Australia;Melbourne;2015-03-15 05:00:00;Australian Grand Prix;
Malaysia;Kuala Lumpur;2015-03-29 07:00:00;Malaysian Grand Prix;
China;Shanghai;2015-04-12 06:00:00;Chinese Grand Prix;
Bahrain;Sakhir;2015-04-19 15:00:00;Bahrain Grand Prix;
Spain;Montmeló;2015-05-10 12:00:00;Spanish Grand Prix;
Monaco;Monte-Carlo;2015-05-24 12:00:00;Monaco Grand Prix;
Canada;Montreal;2015-06-07 18:00:00;Canadian Grand Prix;
Austria;Spielberg;2015-06-21 12:00:00;Austrian Grand Prix;
UK;Silverstone;2015-07-05 12:00:00;British Grand Prix;
Hungary;Budapest;2015-07-26 12:00:00;Hungarian Grand Prix;
Belgium;Spa;2015-08-23 12:00:00;Belgian Grand Prix;
Italy;Monza;2015-09-06 12:00:00;Italian Grand Prix;
Singapore;Marina Bay;2015-09-20 12:00:00;Singapore Grand Prix;
Japan;Suzuka;2015-09-27 05:00:00;Japanese Grand Prix;
Russia;Sochi;2015-10-11 11:00:00;Russian Grand Prix;
USA;Austin;2015-10-25 19:00:00;United States Grand Prix;
Mexico;Mexico City;2015-11-01 19:00:00;Mexican Grand Prix;
Brazil;São Paulo;2015-11-15 16:00:00;Brazilian Grand Prix;
UAE;Abu Dhabi;2015-11-29 13:00:00;Abu Dhabi Grand Prix;
Australia;Melbourne;2016-03-20 05:00:00;Australian Grand Prix;
Bahrain;Sakhir;2016-04-03 15:00:00;Bahrain Grand Prix;
China;Shanghai;2016-04-17 06:00:00;Chinese Grand Prix;
Russia;Sochi;2016-05-01 12:00:00;Russian Grand Prix;
Spain;Montmeló;2016-05-15 12:00:00;Spanish Grand Prix;
Monaco;Monte-Carlo;2016-05-29 12:00:00;Monaco Grand Prix;
Canada;Montreal;2016-06-12 18:00:00;Canadian Grand Prix;
Azerbaijan;Baku;2016-06-19 13:00:00;European Grand Prix;
Austria;Spielberg;2016-07-03 12:00:00;Austrian Grand Prix;
UK;Silverstone;2016-07-10 12:00:00;British Grand Prix;
Hungary;Budapest;2016-07-24 12:00:00;Hungarian Grand Prix;
Germany;Hockenheim;2016-07-31 12:00:00;German Grand Prix;
Belgium;Spa;2016-08-28 12:00:00;Belgian Grand Prix;
Italy;Monza;2016-09-04 12:00:00;Italian Grand Prix;
Singapore;Marina Bay;2016-09-18 12:00:00;Singapore Grand Prix;
Malaysia;Kuala Lumpur;2016-10-02 07:00:00;Malaysian Grand Prix;
Japan;Suzuka;2016-10-09 05:00:00;Japanese Grand Prix;
USA;Austin;2016-10-23 19:00:00;United States Grand Prix;
Mexico;Mexico City;2016-10-30 19:00:00;Mexican Grand Prix;
Brazil;São Paulo;2016-11-13 16:00:00;Brazilian Grand Prix;
UAE;Abu Dhabi;2016-11-27 13:00:00;Abu Dhabi Grand Prix;
Australia;Melbourne;2017-03-26 05:00:00;Australian Grand Prix;
China;Shanghai;2017-04-09 06:00:00;Chinese Grand Prix;
Bahrain;Sakhir;2017-04-16 15:00:00;Bahrain Grand Prix;
Russia;Sochi;2017-04-30 12:00:00;Russian Grand Prix;
Spain;Montmeló;2017-05-14 12:00:00;Spanish Grand Prix;
Monaco;Monte-Carlo;2017-05-28 12:00:00;Monaco Grand Prix;
Canada;Montreal;2017-06-11 18:00:00;Canadian Grand Prix;
Azerbaijan;Baku;2017-06-25 13:00:00;Azerbaijan Grand Prix;
Austria;Spielberg;2017-07-09 12:00:00;Austrian Grand Prix;
UK;Silverstone;2017-07-16 12:00:00;British Grand Prix;
Hungary;Budapest;2017-07-30 12:00:00;Hungarian Grand Prix;
Belgium;Spa;2017-08-27 12:00:00;Belgian Grand Prix;
Italy;Monza;2017-09-03 12:00:00;Italian Grand Prix;
Singapore;Marina Bay;2017-09-17 12:00:00;Singapore Grand Prix;
Malaysia;Kuala Lumpur;2017-10-01 07:00:00;Malaysian Grand Prix;
Japan;Suzuka;2017-10-08 05:00:00;Japanese Grand Prix;
USA;Austin;2017-10-22 19:00:00;United States Grand Prix;
Mexico;Mexico City;2017-10-29 19:00:00;Mexican Grand Prix;
Brazil;São Paulo;2017-11-12 16:00:00;Brazilian Grand Prix;
UAE;Abu Dhabi;2017-11-26 13:00:00;Abu Dhabi Grand Prix;
Australia;Melbourne;2018-03-25 00:00:00;Australian Grand Prix;FORMULA 1 2018 ROLEX AUSTRALIAN GRAND PRIX
Bahrain;Sakhir;2018-04-08 00:00:00;Bahrain Grand Prix;FORMULA 1 2018 GULF AIR BAHRAIN GRAND PRIX
China;Shanghai;2018-04-15 00:00:00;Chinese Grand Prix;FORMULA 1 2018 HEINEKEN CHINESE GRAND PRIX
Azerbaijan;Baku;2018-04-29 00:00:00;Azerbaijan Grand Prix;FORMULA 1 2018 AZERBAIJAN GRAND PRIX
Spain;Barcelona;2018-05-13 00:00:00;Spanish Grand Prix;FORMULA 1 GRAN PREMIO DE ESPAÑA EMIRATES 2018
Monaco;Monte Carlo;2018-05-27 00:00:00;Monaco Grand Prix;FORMULA 1 GRAND PRIX DE MONACO 2018
Canada;Montréal;2018-06-10 00:00:00;Canadian Grand Prix;FORMULA 1 GRAND PRIX HEINEKEN DU CANADA 2018
France;Le Castellet;2018-06-24 00:00:00;French Grand Prix;FORMULA 1 PIRELLI GRAND PRIX DE FRANCE 2018
Austria;Spielberg;2018-07-01 00:00:00;Austrian Grand Prix;FORMULA 1 EYETIME GROSSER PREIS VON ÖSTERREICH 2018
Great Britain;Silverstone;2018-07-08 00:00:00;British Grand Prix;FORMULA 1 2018 ROLEX BRITISH GRAND PRIX
Germany;Hockenheim;2018-07-22 00:00:00;German Grand Prix;FORMULA 1 EMIRATES GROSSER PREIS VON DEUTSCHLAND 2018
Hungary;Budapest;2018-07-29 00:00:00;Hungarian Grand Prix;FORMULA 1 ROLEX MAGYAR NAGYDÍJ 2018
Belgium;Spa-Francorchamps;2018-08-26 00:00:00;Belgian Grand Prix;FORMULA 1 2018 JOHNNIE WALKER BELGIAN GRAND PRIX
Italy;Monza;2018-09-02 00:00:00;Italian Grand Prix;FORMULA 1 GRAN PREMIO HEINEKEN D'ITALIA 2018
Singapore;Singapore;2018-09-16 00:00:00;Singapore Grand Prix;FORMULA 1 2018 SINGAPORE AIRLINES SINGAPORE GRAND PRIX
Russia;Sochi;2018-09-30 00:00:00;Russian Grand Prix;FORMULA 1 2018 VTB RUSSIAN GRAND PRIX
Japan;Suzuka;2018-10-07 00:00:00;Japanese Grand Prix;FORMULA 1 2018 HONDA JAPANESE GRAND PRIX
United States;Austin;2018-10-21 00:00:00;United States Grand Prix;FORMULA 1 PIRELLI 2018 UNITED STATES GRAND PRIX
Mexico;Mexico City;2018-10-28 00:00:00;Mexican Grand Prix;FORMULA 1 GRAN PREMIO DE MÉXICO 2018
Brazil;São Paulo;2018-11-11 00:00:00;Brazilian Grand Prix;FORMULA 1 GRANDE PRÊMIO HEINEKEN DO BRASIL 2018
United Arab Emirates;Yas Marina;2018-11-25 00:00:00;Abu Dhabi Grand Prix;FORMULA 1 2018 ETIHAD AIRWAYS ABU DHABI GRAND PRIX
Australia;Melbourne;2019-03-17 00:00:00;Australian Grand Prix;FORMULA 1 ROLEX AUSTRALIAN GRAND PRIX 2019
Bahrain;Sakhir;2019-03-31 00:00:00;Bahrain Grand Prix;FORMULA 1 GULF AIR BAHRAIN GRAND PRIX 2019
China;Shanghai;2019-04-14 00:00:00;Chinese Grand Prix;FORMULA 1 HEINEKEN CHINESE GRAND PRIX 2019
Azerbaijan;Baku;2019-04-28 00:00:00;Azerbaijan Grand Prix;FORMULA 1 SOCAR AZERBAIJAN GRAND PRIX 2019
Spain;Barcelona;2019-05-12 00:00:00;Spanish Grand Prix;FORMULA 1 EMIRATES GRAN PREMIO DE ESPAÑA 2019
Monaco;Monte Carlo;2019-05-26 00:00:00;Monaco Grand Prix;FORMULA 1 GRAND PRIX DE MONACO 2019
Canada;Montréal;2019-06-09 00:00:00;Canadian Grand Prix;FORMULA 1 PIRELLI GRAND PRIX DU CANADA 2019
France;Le Castellet;2019-06-23 00:00:00;French Grand Prix;FORMULA 1 PIRELLI GRAND PRIX DE FRANCE 2019
Austria;Spielberg;2019-06-30 00:00:00;Austrian Grand Prix;FORMULA 1 MYWORLD GROSSER PREIS VON ÖSTERREICH 2019
Great Britain;Silverstone;2019-07-14 00:00:00;British Grand Prix;FORMULA 1 ROLEX BRITISH GRAND PRIX 2019
Germany;Hockenheim;2019-07-28 00:00:00;German Grand Prix;FORMULA 1 MERCEDES-BENZ GROSSER PREIS VON DEUTSCHLAND 2019
Hungary;Budapest;2019-08-04 00:00:00;Hungarian Grand Prix;FORMULA 1 ROLEX MAGYAR NAGYDÍJ 2019
Belgium;Spa-Francorchamps;2019-09-01 00:00:00;Belgian Grand Prix;FORMULA 1 JOHNNIE WALKER BELGIAN GRAND PRIX 2019
Italy;Monza;2019-09-08 00:00:00;Italian Grand Prix;FORMULA 1 GRAN PREMIO HEINEKEN D'ITALIA 2019
Singapore;Singapore;2019-09-22 00:00:00;Singapore Grand Prix;FORMULA 1 SINGAPORE AIRLINES SINGAPORE GRAND PRIX 2019
Russia;Sochi;2019-09-29 00:00:00;Russian Grand Prix;FORMULA 1 VTB RUSSIAN GRAND PRIX 2019
Japan;Suzuka;2019-10-13 00:00:00;Japanese Grand Prix;FORMULA 1 JAPANESE GRAND PRIX 2019
Mexico;Mexico City;2019-10-27 00:00:00;Mexican Grand Prix;FORMULA 1 GRAN PREMIO DE MÉXICO 2019
United States;Austin;2019-11-03 00:00:00;United States Grand Prix;FORMULA 1 EMIRATES UNITED STATES GRAND PRIX 2019
Brazil;São Paulo;2019-11-17 00:00:00;Brazilian Grand Prix;FORMULA 1 HEINEKEN GRANDE PRÊMIO DO BRASIL 2019
Abu Dhabi;Yas Island;2019-12-01 00:00:00;Abu Dhabi Grand Prix;FORMULA 1 ETIHAD AIRWAYS ABU DHABI GRAND PRIX 2019
Spain;Barcelona;2020-02-21 00:00:00;Pre-Season Test 1;FORMULA 1 PRE-SEASON TESTING 2020
Spain;Barcelona;2020-02-28 00:00:00;Pre-Season Test 2;FORMULA 1 PRE-SEASON TESTING 2020
Austria;Spielberg;2020-07-05 00:00:00;Austrian Grand Prix;FORMULA 1 ROLEX GROSSER PREIS VON ÖSTERREICH 2020
Austria;Spielberg;2020-07-12 00:00:00;Styrian Grand Prix;FORMULA 1 PIRELLI GROSSER PREIS DER STEIERMARK 2020
Hungary;Budapest;2020-07-19 00:00:00;Hungarian Grand Prix;FORMULA 1 ARAMCO MAGYAR NAGYDÍJ 2020
Great Britain;Silverstone;2020-08-02 00:00:00;British Grand Prix;FORMULA 1 PIRELLI BRITISH GRAND PRIX 2020
Great Britain;Silverstone;2020-08-09 00:00:00;70th Anniversary Grand Prix;EMIRATES FORMULA 1 70TH ANNIVERSARY GRAND PRIX 2020
Spain;Barcelona;2020-08-16 00:00:00;Spanish Grand Prix;FORMULA 1 ARAMCO GRAN PREMIO DE ESPAÑA 2020
Belgium;Spa-Francorchamps;2020-08-30 00:00:00;Belgian Grand Prix;FORMULA 1 ROLEX BELGIAN GRAND PRIX 2020
Italy;Monza;2020-09-06 00:00:00;Italian Grand Prix;FORMULA 1 GRAN PREMIO HEINEKEN D’ITALIA 2020
Italy;Mugello;2020-09-13 00:00:00;Tuscan Grand Prix;FORMULA 1 PIRELLI GRAN PREMIO DELLA TOSCANA FERRARI 1000 2020
Russia;Sochi;2020-09-27 00:00:00;Russian Grand Prix;FORMULA 1 VTB RUSSIAN GRAND PRIX 2020
Germany;Nürburgring;2020-10-11 00:00:00;Eifel Grand Prix;FORMULA 1 ARAMCO GROSSER PREIS DER EIFEL 2020
Portugal;Portimão;2020-10-25 00:00:00;Portuguese Grand Prix;FORMULA 1 HEINEKEN GRANDE PRÉMIO DE PORTUGAL 2020
Italy;Imola;2020-11-01 00:00:00;Emilia Romagna Grand Prix;FORMULA 1 EMIRATES GRAN PREMIO DELL'EMILIA ROMAGNA 2020
Turkey;Istanbul;2020-11-15 00:00:00;Turkish Grand Prix;FORMULA 1 DHL TURKISH GRAND PRIX 2020
Bahrain;Sakhir;2020-11-29 00:00:00;Bahrain Grand Prix;FORMULA 1 GULF AIR BAHRAIN GRAND PRIX 2020
Bahrain;Sakhir;2020-12-06 00:00:00;Sakhir Grand Prix;FORMULA 1 ROLEX SAKHIR GRAND PRIX 2020
Abu Dhabi;Yas Island;2020-12-13 00:00:00;Abu Dhabi Grand Prix;FORMULA 1 ETIHAD AIRWAYS ABU DHABI GRAND PRIX 2020
Bahrain;Bahrain;2021-03-14 00:00:00;Pre-Season Test;FORMULA 1 ARAMCO PRE-SEASON TESTING 2021
Bahrain;Sakhir;2021-03-28 00:00:00;Bahrain Grand Prix;FORMULA 1 GULF AIR BAHRAIN GRAND PRIX 2021
Italy;Imola;2021-04-18 00:00:00;Emilia Romagna Grand Prix;FORMULA 1 PIRELLI GRAN PREMIO DEL MADE IN ITALY E DELL'EMILIA ROMAGNA 2021
Portugal;Portimão;2021-05-02 00:00:00;Portuguese Grand Prix;FORMULA 1 HEINEKEN GRANDE PRÉMIO DE PORTUGAL 2021
Spain;Barcelona;2021-05-09 00:00:00;Spanish Grand Prix;FORMULA 1 ARAMCO GRAN PREMIO DE ESPAÑA 2021
Monaco;Monte Carlo;2021-05-23 00:00:00;Monaco Grand Prix;FORMULA 1 GRAND PRIX DE MONACO 2021
Azerbaijan;Baku;2021-06-06 00:00:00;Azerbaijan Grand Prix;FORMULA 1 AZERBAIJAN GRAND PRIX 2021
France;Le Castellet;2021-06-20 00:00:00;French Grand Prix;FORMULA 1 EMIRATES GRAND PRIX DE FRANCE 2021
Austria;Spielberg;2021-06-27 00:00:00;Styrian Grand Prix;FORMULA 1 BWT GROSSER PREIS DER STEIERMARK 2021
Austria;Spielberg;2021-07-04 00:00:00;Austrian Grand Prix;FORMULA 1 BWT GROSSER PREIS VON ÖSTERREICH 2021
Great Britain;Silverstone;2021-07-18 00:00:00;British Grand Prix;FORMULA 1 PIRELLI BRITISH GRAND PRIX 2021
Hungary;Budapest;2021-08-01 00:00:00;Hungarian Grand Prix;FORMULA 1 ROLEX MAGYAR NAGYDÍJ 2021
Belgium;Spa-Francorchamps;2021-08-29 00:00:00;Belgian Grand Prix;FORMULA 1 ROLEX BELGIAN GRAND PRIX 2021
Netherlands;Zandvoort;2021-09-05 00:00:00;Dutch Grand Prix;FORMULA 1 HEINEKEN DUTCH GRAND PRIX 2021
Italy;Monza;2021-09-12 00:00:00;Italian Grand Prix;FORMULA 1 HEINEKEN GRAN PREMIO D’ITALIA 2021
Russia;Sochi;2021-09-26 00:00:00;Russian Grand Prix;FORMULA 1 VTB RUSSIAN GRAND PRIX 2021
Turkey;Istanbul;2021-10-10 00:00:00;Turkish Grand Prix;FORMULA 1 ROLEX TURKISH GRAND PRIX 2021
United States;Austin;2021-10-24 00:00:00;United States Grand Prix;FORMULA 1 ARAMCO UNITED STATES GRAND PRIX 2021
Mexico;Mexico City;2021-11-07 00:00:00;Mexico City Grand Prix;FORMULA 1 GRAN PREMIO DE LA CIUDAD DE MÉXICO 2021
Brazil;São Paulo;2021-11-14 00:00:00;São Paulo Grand Prix;FORMULA 1 HEINEKEN GRANDE PRÊMIO DE SÃO PAULO 2021
Qatar;Lusail;2021-11-21 00:00:00;Qatar Grand Prix;FORMULA 1 OOREDOO QATAR GRAND PRIX 2021
Saudi Arabia;Jeddah;2021-12-05 00:00:00;Saudi Arabian Grand Prix;FORMULA 1 STC SAUDI ARABIAN GRAND PRIX 2021
Abu Dhabi;Yas Island;2021-12-12 00:00:00;Abu Dhabi Grand Prix;FORMULA 1 ETIHAD AIRWAYS ABU DHABI GRAND PRIX 2021
Spain;Spain;2022-02-25 00:00:00;Pre-Season Track Session;FORMULA 1 PRE-SEASON TRACK SESSION 2022
Bahrain;Bahrain;2022-03-12 00:00:00;Pre-Season Test;FORMULA 1 ARAMCO PRE-SEASON TESTING 2022
Bahrain;Sakhir;2022-03-20 00:00:00;Bahrain Grand Prix;FORMULA 1 GULF AIR BAHRAIN GRAND PRIX 2022
Saudi Arabia;Jeddah;2022-03-27 00:00:00;Saudi Arabian Grand Prix;FORMULA 1 STC SAUDI ARABIAN GRAND PRIX 2022
Australia;Melbourne;2022-04-10 00:00:00;Australian Grand Prix;FORMULA 1 HEINEKEN AUSTRALIAN GRAND PRIX 2022
Italy;Imola;2022-04-24 00:00:00;Emilia Romagna Grand Prix;FORMULA 1 ROLEX GRAN PREMIO DEL MADE IN ITALY E DELL'EMILIA-ROMAGNA 2022
United States;Miami;2022-05-08 00:00:00;Miami Grand Prix;FORMULA 1 CRYPTO.COM MIAMI GRAND PRIX 2022
Spain;Barcelona;2022-05-22 00:00:00;Spanish Grand Prix;FORMULA 1 PIRELLI GRAN PREMIO DE ESPAÑA 2022
Monaco;Monaco;2022-05-29 00:00:00;Monaco Grand Prix;FORMULA 1 GRAND PRIX DE MONACO 2022
Azerbaijan;Baku;2022-06-12 00:00:00;Azerbaijan Grand Prix;FORMULA 1 AZERBAIJAN GRAND PRIX 2022
Canada;Montréal;2022-06-19 00:00:00;Canadian Grand Prix;FORMULA 1 AWS GRAND PRIX DU CANADA 2022
Great Britain;Silverstone;2022-07-03 00:00:00;British Grand Prix;FORMULA 1 LENOVO BRITISH GRAND PRIX 2022
Austria;Spielberg;2022-07-10 00:00:00;Austrian Grand Prix;FORMULA 1 ROLEX GROSSER PREIS VON ÖSTERREICH 2022
France;Le Castellet;2022-07-24 00:00:00;French Grand Prix;FORMULA 1 LENOVO GRAND PRIX DE FRANCE 2022
Hungary;Budapest;2022-07-31 00:00:00;Hungarian Grand Prix;FORMULA 1 ARAMCO MAGYAR NAGYDÍJ 2022
Belgium;Spa-Francorchamps;2022-08-28 00:00:00;Belgian Grand Prix;FORMULA 1 ROLEX BELGIAN GRAND PRIX 2022
Netherlands;Zandvoort;2022-09-04 00:00:00;Dutch Grand Prix;FORMULA 1 HEINEKEN DUTCH GRAND PRIX 2022
Italy;Monza;2022-09-11 00:00:00;Italian Grand Prix;FORMULA 1 PIRELLI GRAN PREMIO D’ITALIA 2022
Singapore;Marina Bay;2022-10-02 00:00:00;Singapore Grand Prix;FORMULA 1 SINGAPORE AIRLINES SINGAPORE GRAND PRIX 2022
Japan;Suzuka;2022-10-09 00:00:00;Japanese Grand Prix;FORMULA 1 HONDA JAPANESE GRAND PRIX 2022
United States;Austin;2022-10-23 00:00:00;United States Grand Prix;FORMULA 1 ARAMCO UNITED STATES GRAND PRIX 2022
Mexico;Mexico City;2022-10-30 00:00:00;Mexico City Grand Prix;FORMULA 1 HEINEKEN GRAN PREMIO DE LA CIUDAD DE MÉXICO 2022
Brazil;São Paulo;2022-11-13 00:00:00;São Paulo Grand Prix;FORMULA 1 HEINEKEN GRANDE PRÊMIO DE SÃO PAULO 2022
Abu Dhabi;Yas Island;2022-11-20 00:00:00;Abu Dhabi Grand Prix;FORMULA 1 ETIHAD AIRWAYS ABU DHABI GRAND PRIX 2022
Bahrain;Sakhir;2023-02-25 00:00:00;Pre-Season Testing;FORMULA 1 ARAMCO PRE-SEASON TESTING 2023
Bahrain;Sakhir;2023-03-05 00:00:00;Bahrain Grand Prix;FORMULA 1 GULF AIR BAHRAIN GRAND PRIX 2023
Saudi Arabia;Jeddah;2023-03-19 00:00:00;Saudi Arabian Grand Prix;FORMULA 1 STC SAUDI ARABIAN GRAND PRIX 2023
Australia;Melbourne;2023-04-02 00:00:00;Australian Grand Prix;FORMULA 1 ROLEX AUSTRALIAN GRAND PRIX 2023
Azerbaijan;Baku;2023-04-30 00:00:00;Azerbaijan Grand Prix;FORMULA 1 AZERBAIJAN GRAND PRIX 2023
United States;Miami;2023-05-07 00:00:00;Miami Grand Prix;FORMULA 1 CRYPTO.COM MIAMI GRAND PRIX 2023
Monaco;Monaco;2023-05-28 00:00:00;Monaco Grand Prix;FORMULA 1 GRAND PRIX DE MONACO 2023
Spain;Barcelona;2023-06-04 00:00:00;Spanish Grand Prix;FORMULA 1 AWS GRAN PREMIO DE ESPAÑA 2023
Canada;Montréal;2023-06-18 00:00:00;Canadian Grand Prix;FORMULA 1 PIRELLI GRAND PRIX DU CANADA 2023
Austria;Spielberg;2023-07-02 00:00:00;Austrian Grand Prix;FORMULA 1 ROLEX GROSSER PREIS VON ÖSTERREICH 2023
Great Britain;Silverstone;2023-07-09 00:00:00;British Grand Prix;FORMULA 1 ARAMCO BRITISH GRAND PRIX 2023
Hungary;Budapest;2023-07-23 00:00:00;Hungarian Grand Prix;FORMULA 1 QATAR AIRWAYS HUNGARIAN GRAND PRIX 2023
Belgium;Spa-Francorchamps;2023-07-30 00:00:00;Belgian Grand Prix;FORMULA 1 MSC CRUISES BELGIAN GRAND PRIX 2023
Netherlands;Zandvoort;2023-08-27 00:00:00;Dutch Grand Prix;FORMULA 1 HEINEKEN DUTCH GRAND PRIX 2023
Italy;Monza;2023-09-03 00:00:00;Italian Grand Prix;FORMULA 1 PIRELLI GRAN PREMIO D’ITALIA 2023 
Singapore;Marina Bay;2023-09-17 00:00:00;Singapore Grand Prix;FORMULA 1 SINGAPORE AIRLINES SINGAPORE GRAND PRIX 2023 
Japan;Suzuka;2023-09-24 00:00:00;Japanese Grand Prix;FORMULA 1 LENOVO JAPANESE GRAND PRIX 2023 
Qatar;Lusail;2023-10-08 00:00:00;Qatar Grand Prix;FORMULA 1 QATAR AIRWAYS QATAR GRAND PRIX 2023
United States;Austin;2023-10-22 00:00:00;United States Grand Prix;FORMULA 1 LENOVO UNITED STATES GRAND PRIX 2023
Mexico;Mexico City;2023-10-29 00:00:00;Mexico City Grand Prix;FORMULA 1 GRAN PREMIO DE LA CIUDAD DE MÉXICO 2023
Brazil;São Paulo;2023-11-05 00:00:00;São Paulo Grand Prix;FORMULA 1 ROLEX GRANDE PRÊMIO DE SÃO PAULO 2023
United States;Las Vegas;2023-11-18 00:00:00;Las Vegas Grand Prix;FORMULA 1 HEINEKEN SILVER LAS VEGAS GRAND PRIX 2023
Abu Dhabi;Yas Island;2023-11-26 00:00:00;Abu Dhabi Grand Prix;FORMULA 1 ETIHAD AIRWAYS ABU DHABI GRAND PRIX 2023 
Bahrain;Sakhir;2024-02-23 00:00:00;Pre-Season Testing;FORMULA 1 ARAMCO PRE-SEASON TESTING 2024
Bahrain;Sakhir;2024-03-02 00:00:00;Bahrain Grand Prix;FORMULA 1 GULF AIR BAHRAIN GRAND PRIX 2024
Saudi Arabia;Jeddah;2024-03-09 00:00:00;Saudi Arabian Grand Prix;FORMULA 1 STC SAUDI ARABIAN GRAND PRIX 2024
Australia;Melbourne;2024-03-24 00:00:00;Australian Grand Prix;FORMULA 1 ROLEX AUSTRALIAN GRAND PRIX 2024
Japan;Suzuka;2024-04-07 00:00:00;Japanese Grand Prix;FORMULA 1 MSC CRUISES JAPANESE GRAND PRIX 2024
China;Shanghai;2024-04-21 00:00:00;Chinese Grand Prix;FORMULA 1 LENOVO CHINESE GRAND PRIX 2024
United States;Miami;2024-05-05 00:00:00;Miami Grand Prix;FORMULA 1 CRYPTO.COM MIAMI GRAND PRIX 2024
Italy;Imola;2024-05-19 00:00:00;Emilia Romagna Grand Prix;FORMULA 1 MSC CRUISES GRAN PREMIO DEL MADE IN ITALY E DELL'EMILIA-ROMAGNA 2024
Monaco;Monaco;2024-05-26 00:00:00;Monaco Grand Prix;FORMULA 1 GRAND PRIX DE MONACO 2024
Canada;Montréal;2024-06-09 00:00:00;Canadian Grand Prix;FORMULA 1 AWS GRAND PRIX DU CANADA 2024
Spain;Barcelona;2024-06-23 00:00:00;Spanish Grand Prix;FORMULA 1 ARAMCO GRAN PREMIO DE ESPAÑA 2024
Austria;Spielberg;2024-06-30 00:00:00;Austrian Grand Prix;FORMULA 1 QATAR AIRWAYS AUSTRIAN GRAND PRIX 2024
United Kingdom;Silverstone;2024-07-07 00:00:00;British Grand Prix;FORMULA 1 QATAR AIRWAYS BRITISH GRAND PRIX 2024
Hungary;Budapest;2024-07-21 00:00:00;Hungarian Grand Prix;FORMULA 1 HUNGARIAN GRAND PRIX 2024
Belgium;Spa-Francorchamps;2024-07-28 00:00:00;Belgian Grand Prix;FORMULA 1 ROLEX BELGIAN GRAND PRIX 2024
Netherlands;Zandvoort;2024-08-25 00:00:00;Dutch Grand Prix;FORMULA 1 HEINEKEN DUTCH GRAND PRIX 2024
Italy;Monza;2024-09-01 00:00:00;Italian Grand Prix;FORMULA 1 PIRELLI GRAN PREMIO D’ITALIA 2024
Azerbaijan;Baku;2024-09-15 00:00:00;Azerbaijan Grand Prix;FORMULA 1 QATAR AIRWAYS AZERBAIJAN GRAND PRIX 2024
Singapore;Marina Bay;2024-09-22 00:00:00;Singapore Grand Prix;FORMULA 1 SINGAPORE AIRLINES SINGAPORE GRAND PRIX 2024
United States;Austin;2024-10-20 00:00:00;United States Grand Prix;FORMULA 1 PIRELLI UNITED STATES GRAND PRIX 2024
Mexico;Mexico City;2024-10-27 00:00:00;Mexico City Grand Prix;FORMULA 1 GRAN PREMIO DE LA CIUDAD DE MÉXICO 2024
Brazil;São Paulo;2024-11-03 00:00:00;São Paulo Grand Prix;FORMULA 1 LENOVO GRANDE PRÊMIO DE SÃO PAULO 2024
United States;Las Vegas;2024-11-23 00:00:00;Las Vegas Grand Prix;FORMULA 1 HEINEKEN SILVER LAS VEGAS GRAND PRIX 2024
Qatar;Lusail;2024-12-01 00:00:00;Qatar Grand Prix;FORMULA 1 QATAR AIRWAYS QATAR GRAND PRIX 2024
United Arab Emirates;Yas Island;2024-12-08 00:00:00;Abu Dhabi Grand Prix;FORMULA 1 ETIHAD AIRWAYS ABU DHABI GRAND PRIX 2024
